date,portfolio_return,benchmark_return
2024-01-03 05:00:00+00:00,-0.007487610428786873,-0.008166719559927982
2024-01-04 05:00:00+00:00,-0.012700135685210334,-0.0032210584696773514
2024-01-05 05:00:00+00:00,-0.004012973448408452,0.0013696284882727117
2024-01-08 05:00:00+00:00,0.024174853736615542,0.014275944605915525
2024-01-09 05:00:00+00:00,-0.0022634188402673727,-0.001517067003792727
2024-01-10 05:00:00+00:00,0.005671383817651643,0.005655440195830197
2024-01-11 05:00:00+00:00,-0.0032225146355873147,-0.0004406580493536705
2024-01-12 05:00:00+00:00,0.0017781130448837335,0.0006927679227457517
2024-01-16 05:00:00+00:00,-0.012317125645438853,-0.003671225979692827
2024-01-17 05:00:00+00:00,-0.005173446604585297,-0.005558713915734925
2024-01-18 05:00:00+00:00,0.03257061528355587,0.008892841262783335
2024-01-19 05:00:00+00:00,0.015533054127127244,0.012466158786123449
2024-01-22 05:00:00+00:00,0.012163290874921628,0.002114296374603475
2024-01-23 05:00:00+00:00,0.006653257001392632,0.002916537387527285
2024-01-24 05:00:00+00:00,-0.003483963520852562,0.0010930990388977602
2024-01-25 05:00:00+00:00,-0.0016966580976864876,0.005438925400193639
2024-01-26 05:00:00+00:00,-0.009012720811659936,-0.0012704137040754349
2024-01-29 05:00:00+00:00,-0.003585905830994718,0.007919410763012502
2024-01-30 05:00:00+00:00,-0.019245814426537278,-0.0007735054043601641
2024-01-31 05:00:00+00:00,-0.019357583492873753,-0.016317301228381043
2024-02-01 05:00:00+00:00,0.013340563991323329,0.01308813783962881
2024-02-02 05:00:00+00:00,-0.005405116129722942,0.010527391659852947
2024-02-05 05:00:00+00:00,0.00984665052461664,-0.003641144937797103
2024-02-06 05:00:00+00:00,0.008631713554987153,0.0029032585524313426
2024-02-07 05:00:00+00:00,0.0005810882197569978,0.00834041864043078
2024-02-08 05:00:00+00:00,-0.005754712000422435,0.0004416783778358191
2024-02-09 05:00:00+00:00,0.0028143585386575243,0.0057794188473270225
2024-02-12 05:00:00+00:00,-0.009001853322742837,-0.0004389465283319849
2024-02-13 05:00:00+00:00,-0.011274378840502308,-0.013773004910375697
2024-02-14 05:00:00+00:00,-0.00480977086035439,0.009087597150259086
2024-02-15 05:00:00+00:00,-0.0015748031496062298,0.006899733237057948
2024-02-16 05:00:00+00:00,-0.008430327423039286,-0.004979980478476476
2024-02-20 05:00:00+00:00,-0.004113871976304084,-0.005505395287381587
2024-02-21 05:00:00+00:00,0.004185944040537404,0.0009058700378452578
2024-02-22 05:00:00+00:00,0.011243966652040527,0.02069548078276795
2024-02-23 05:00:00+00:00,-0.010034170418180777,0.0006896551724138167
2024-02-26 05:00:00+00:00,-0.007451238220469114,-0.003662498769321676
2024-02-27 05:00:00+00:00,0.008114374034003058,0.0018577442241940467
2024-02-28 05:00:00+00:00,-0.006625417510814247,-0.0013216814944864153
2024-02-29 05:00:00+00:00,-0.0036930878624186203,0.0035949907162327044
2024-03-01 05:00:00+00:00,-0.006030428769018048,0.00938828530940028
2024-03-04 05:00:00+00:00,-0.025381275743070253,-0.0010724383347958666
2024-03-05 05:00:00+00:00,-0.02844089091947455,-0.009994144056217014
2024-03-06 05:00:00+00:00,-0.005878203620973466,0.005067234512401875
2024-03-07 05:00:00+00:00,-0.0007095553453169146,0.0099264345267287
2024-03-08 05:00:00+00:00,0.010236686390532546,-0.006002214409199347
2024-03-11 04:00:00+00:00,0.01183154688689747,-0.0008598452278590907
2024-03-12 04:00:00+00:00,0.002778581765557009,0.01075731497418242
2024-03-13 04:00:00+00:00,-0.01212261155688965,-0.0015673981191220987
2024-03-14 04:00:00+00:00,0.010927365160988689,-0.0019768591197162344
2024-03-15 04:00:00+00:00,-0.0021965317919074856,-0.009942712884746241
2024-03-18 04:00:00+00:00,0.006372378635152387,0.005943157523095932
2024-03-19 04:00:00+00:00,0.01358507943817644,0.005557072105447869
2024-03-20 04:00:00+00:00,0.014709223080417777,0.009249384343914091
2024-03-21 04:00:00+00:00,-0.04085744668942737,0.0033046418690441115
2024-03-22 04:00:00+00:00,0.005310147633774909,-0.001895825354270464
2024-03-25 04:00:00+00:00,-0.008300441142326531,-0.0027628019416359173
2024-03-26 04:00:00+00:00,-0.00667251975417027,-0.001846970775535417
2024-03-27 04:00:00+00:00,0.02121265688527485,0.008403847265858522
2024-03-28 04:00:00+00:00,-0.010559113726847924,-0.00019114245847418054
2024-04-01 04:00:00+00:00,-0.008455796594354914,-0.001739728908176863
2024-04-02 04:00:00+00:00,-0.0069987649238369976,-0.006358204381798571
2024-04-03 04:00:00+00:00,0.00479744136460547,0.0010986045794463273
2024-04-04 04:00:00+00:00,-0.004892425582080806,-0.012206156985810623
2024-04-05 04:00:00+00:00,0.004501836275322857,0.010446917574599812
2024-04-08 04:00:00+00:00,-0.006663521641703141,0.00055938120864929
2024-04-09 04:00:00+00:00,0.007242505194419602,0.001156693399136488
2024-04-10 04:00:00+00:00,-0.011139270348323183,-0.010013094046060322
2024-04-11 04:00:00+00:00,0.04327095005364168,0.007546876215669407
2024-04-12 04:00:00+00:00,0.008626599634369292,-0.013803088803088781
2024-04-15 04:00:00+00:00,-0.02186349476069105,-0.01252813937555064
2024-04-16 04:00:00+00:00,-0.01916729399502004,-0.0018237684606997595
2024-04-17 04:00:00+00:00,-0.008147360963513983,-0.005918217385259994
2024-04-18 04:00:00+00:00,-0.005714285714285783,-0.002057736489861184
2024-04-19 04:00:00+00:00,-0.012212643678160884,-0.008728379244074214
2024-04-22 04:00:00+00:00,0.005090909090909035,0.00920914451894328
2024-04-23 04:00:00+00:00,0.006391702846116676,0.01186664532137982
2024-04-24 04:00:00+00:00,0.012702216896345098,-0.0004746366063481666
2024-04-25 04:00:00+00:00,0.0051473198438052314,-0.003798895945865799
2024-04-26 04:00:00+00:00,-0.003472835364058957,0.0094738723708514
2024-04-29 04:00:00+00:00,0.024808033077377445,0.0035414945106835294
2024-04-30 04:00:00+00:00,-0.0182708933717578,-0.015841273575657788
2024-05-01 04:00:00+00:00,-0.006047085070157943,-0.003247141320371294
2024-05-02 04:00:00+00:00,0.022031896042528087,0.009353452583191757
2024-05-03 04:00:00+00:00,0.05981621684101013,0.01239530324931204
2024-05-06 04:00:00+00:00,-0.009106772821463549,0.010326820395470282
2024-05-07 04:00:00+00:00,0.0037972593693247347,0.0011034322550669273
2024-05-08 04:00:00+00:00,0.0018640350877192624,9.668561704767598e-05
2024-05-09 04:00:00+00:00,0.010014227864725722,0.005761905682631019
2024-05-10 04:00:00+00:00,-0.008235357858806913,0.0012880404483150976
2024-05-13 04:00:00+00:00,0.017645452062277966,0.00013439827970196383
2024-05-14 04:00:00+00:00,0.006173502254670504,0.004588124628054802
2024-05-15 04:00:00+00:00,0.012217894680680796,0.012382954328301166
2024-05-16 04:00:00+00:00,0.0006325110689437974,-0.002057457812676855
2024-05-17 04:00:00+00:00,0.00015802781289497858,0.0014375153681740471
2024-05-20 04:00:00+00:00,0.006162110917996566,0.0011521390121822517
2024-05-21 04:00:00+00:00,0.006857202680067065,0.0024525525412217863
2024-05-22 04:00:00+00:00,-0.007538341564855666,-0.002879403794037838
2024-05-23 04:00:00+00:00,-0.021058145625982294,-0.007304229658569694
2024-05-24 04:00:00+00:00,0.016588184931506822,0.006616472735569312
2024-05-28 04:00:00+00:00,5.263711969694107e-05,0.0006988516168024983
2024-05-29 04:00:00+00:00,0.001579030475288068,-0.007002510333893097
2024-05-30 04:00:00+00:00,0.0052551368963160705,-0.006633719825128281
2024-05-31 04:00:00+00:00,0.005018558210047708,0.00910813034576452
2024-06-03 04:00:00+00:00,0.009258777633289972,0.0008153668202588449
2024-06-04 04:00:00+00:00,0.0016492295005927637,0.001117847669571903
2024-06-05 04:00:00+00:00,0.007820941600205966,0.011885160582145726
2024-06-06 04:00:00+00:00,-0.0070965436258744186,-1.8703125292174327e-05
2024-06-07 04:00:00+00:00,0.012392019744960958,-0.001215725881868801
2024-06-10 04:00:00+00:00,-0.019147747473208354,0.0030898297784685003
2024-06-11 04:00:00+00:00,0.07264913007456508,0.0024082440353956347
2024-06-12 04:00:00+00:00,0.028578324885348616,0.008213055219294052
2024-06-13 04:00:00+00:00,0.005491153142159977,0.002013447613418151
2024-06-14 04:00:00+00:00,-0.008168409260642218,0.0006083510000920445
2024-06-17 04:00:00+00:00,0.019671513953597675,0.007959025756291815
2024-06-18 04:00:00+00:00,-0.010984446393132341,0.002540668981904526
2024-06-20 04:00:00+00:00,-0.02151290307527176,-0.002716549071086094
2024-06-21 04:00:00+00:00,-0.010444486837085099,-0.004552102376599643
2024-06-24 04:00:00+00:00,0.0031326810930645266,-0.0032506290058951226
2024-06-25 04:00:00+00:00,0.004468146439896348,0.0038508309687881326
2024-06-26 04:00:00+00:00,0.019993303678193852,0.0012480957362845935
2024-06-27 04:00:00+00:00,0.00398593200468933,0.0015765063885171404
2024-06-28 04:00:00+00:00,-0.01625408687529184,-0.003935062320405525
2024-07-01 04:00:00+00:00,0.02910454847592825,0.002057991253537228
2024-07-02 04:00:00+00:00,0.016239907727797043,0.006729746580115048
2024-07-03 04:00:00+00:00,0.0058110500749080085,0.004462578095116854
2024-07-05 04:00:00+00:00,0.02162040171518842,0.005766510717005735
2024-07-08 04:00:00+00:00,0.006538835380401231,0.001153901629886045
2024-07-09 04:00:00+00:00,0.0037749100166799554,0.000972482351246251
2024-07-10 04:00:00+00:00,0.01880356830505492,0.009895289842035249
2024-07-11 04:00:00+00:00,-0.02322087732852607,-0.00862253260172452
2024-07-12 04:00:00+00:00,0.01305092938436525,0.006307504312823342
2024-07-15 04:00:00+00:00,0.016743298343020685,0.002750049108019681
2024-07-16 04:00:00+00:00,0.0017918088737201021,0.005930226345876477
2024-07-17 04:00:00+00:00,-0.025295971382335414,-0.014021173388096053
2024-07-18 04:00:00+00:00,-0.020534778049632996,-0.007684849355406476
2024-07-19 04:00:00+00:00,0.0005798911588901223,-0.006640610863822172
2024-07-22 04:00:00+00:00,-0.001560340600062382,0.010309841709320589
2024-07-23 04:00:00+00:00,0.004688337203071935,-0.0015685567474984508
2024-07-24 04:00:00+00:00,-0.028754277587662802,-0.0226624291234786
2024-07-25 04:00:00+00:00,-0.004804612427930732,-0.005210354193226685
2024-07-26 04:00:00+00:00,0.002161018897420597,0.01119964339443924
2024-07-29 04:00:00+00:00,0.0012846393833731984,0.0005877599000807532
2024-07-30 04:00:00+00:00,0.002565982404692191,-0.005066451281298123
2024-07-31 04:00:00+00:00,0.014990859232175469,0.01625461254612537
2024-08-01 04:00:00+00:00,-0.016750720461095048,-0.014160962945480193
2024-08-02 04:00:00+00:00,0.006869389998168218,-0.018618441649325135
2024-08-05 04:00:00+00:00,-0.0481670153734195,-0.029123662976168085
2024-08-06 04:00:00+00:00,-0.009748172217709294,0.009219529166183404
2024-08-07 04:00:00+00:00,0.01249819041644562,-0.006683903092980947
2024-08-08 04:00:00+00:00,0.016633304737394106,0.02311726371804257
2024-08-09 04:00:00+00:00,0.013735877361586546,0.004409686233864285
2024-08-12 04:00:00+00:00,0.005965593784683643,0.0005253381864573914
2024-08-13 04:00:00+00:00,0.01719303084632018,0.016445702927222472
2024-08-14 04:00:00+00:00,0.002033714466488812,0.0031547487270313646
2024-08-15 04:00:00+00:00,0.013530579108785856,0.01714022988505759
2024-08-16 04:00:00+00:00,0.005918476326094657,0.0022420308460049387
2024-08-19 04:00:00+00:00,-0.0007078080070781478,0.009561436741173823
2024-08-20 04:00:00+00:00,0.002744698747177754,-0.0016261324851235548
2024-08-21 04:00:00+00:00,-0.0004856297735198467,0.003436549131913269
2024-08-22 04:00:00+00:00,-0.008259717314487602,-0.007848453497912966
2024-08-23 04:00:00+00:00,0.010288157484523275,0.010625292150587828
2024-08-26 04:00:00+00:00,0.0014988538176687882,-0.0023837902264601807
2024-08-27 04:00:00+00:00,0.003741526542829554,0.0013730630004100686
2024-08-28 04:00:00+00:00,-0.006753497346840276,-0.005805256784671253
2024-08-29 04:00:00+00:00,0.014570179698882857,8.955758552753323e-05
2024-08-30 04:00:00+00:00,-0.003437921580573544,0.0095459837019789
2024-09-03 04:00:00+00:00,-0.027205240174672407,-0.02057905194436549
2024-09-04 04:00:00+00:00,-0.008618754769493253,-0.0020468048108969183
2024-09-05 04:00:00+00:00,0.0069277790355444235,-0.002432162628187684
2024-09-06 04:00:00+00:00,-0.007015019336271244,-0.01683011590036576
2024-09-09 04:00:00+00:00,0.0004075717779186139,0.011196239544007724
2024-09-10 04:00:00+00:00,-0.003621384274138717,0.004355703592540339
2024-09-11 04:00:00+00:00,0.011585116532642603,0.010258933289600813
2024-09-12 04:00:00+00:00,0.0004940267672686183,0.008423217055661958
2024-09-13 04:00:00+00:00,-0.0012120123894600043,0.005222772719955637
2024-09-16 04:00:00+00:00,-0.027775280898876487,0.0014768420490738343
2024-09-17 04:00:00+00:00,0.0021727071005916976,0.0004086418875701714
2024-09-18 04:00:00+00:00,0.01798975967526184,-0.002965883460315899
2024-09-19 04:00:00+00:00,0.03706556708505149,0.017064481653010333
2024-09-20 04:00:00+00:00,-0.0029274260497226257,-0.004781253283827835
2024-09-23 04:00:00+00:00,-0.007581069237510896,0.002498900131984172
2024-09-24 04:00:00+00:00,0.003974036296198191,0.0028613056681938698
2024-09-25 04:00:00+00:00,-0.004398117605664775,-0.002205496236653226
2024-09-26 04:00:00+00:00,0.005080178468878316,0.003964634060767747
2024-09-27 04:00:00+00:00,0.0011867088607593335,-0.001450288310326675
2024-09-30 04:00:00+00:00,0.022871943456692634,0.004007209477312923
2024-10-01 04:00:00+00:00,-0.02914163090128752,-0.008958449525934165
2024-10-02 04:00:00+00:00,0.0025197825029839027,0.0004220744961485057
2024-10-03 04:00:00+00:00,-0.004894611517770597,-0.001828217839187074
2024-10-04 04:00:00+00:00,0.005007311561129102,0.009087386847944634
2024-10-07 04:00:00+00:00,-0.02253086419753092,-0.009040455164229244
2024-10-08 04:00:00+00:00,0.018404077766250193,0.009457555477280666
2024-10-09 04:00:00+00:00,0.01669840988616733,0.0069263918209256925
2024-10-10 04:00:00+00:00,-0.002178269582643555,-0.0017500086634092415
2024-10-11 04:00:00+00:00,-0.006505413901501833,0.0059882318226789355
2024-10-14 04:00:00+00:00,0.016479894528675043,0.008178336036440248
2024-10-15 04:00:00+00:00,0.011024643320363126,-0.0077697152245346235
2024-10-16 04:00:00+00:00,-0.008851828094932568,0.00434647624961193
2024-10-17 04:00:00+00:00,0.0015963413581845387,8.586639189434031e-05
2024-10-18 04:00:00+00:00,0.012276545337066569,0.0038464840731518013
2024-10-21 04:00:00+00:00,0.006297872340425448,-0.00164217656819321
2024-10-22 04:00:00+00:00,-0.0026217861975641465,-0.0005311584394221969
2024-10-23 04:00:00+00:00,-0.021622996692953533,-0.009137351710896358
2024-10-24 04:00:00+00:00,-0.0008233662679840714,0.0021626671741725723
2024-10-25 04:00:00+00:00,0.0036431452487313276,-0.00034528002209799347
2024-10-28 04:00:00+00:00,0.00859945551186203,0.0030913235700471553
2024-10-29 04:00:00+00:00,0.0011568123393315144,0.0016183737065922355
2024-10-30 04:00:00+00:00,-0.015277956091924505,-0.003025250528559398
2024-10-31 04:00:00+00:00,-0.018209474141677506,-0.019603110291201875
2024-11-01 04:00:00+00:00,-0.01327962462927712,0.004220596510973618
2024-11-04 05:00:00+00:00,-0.004037503925351071,-0.0021539646959932712
2024-11-05 05:00:00+00:00,0.006486194315571403,0.012091749881539604
2024-11-06 05:00:00+00:00,-0.0032669501006936663,0.024865614704352224
2024-11-07 05:00:00+00:00,0.021372126436781658,0.007732133188955048
2024-11-08 05:00:00+00:00,-0.0022859152452961995,0.004331693557865224
2024-11-11 05:00:00+00:00,-0.012028551286570432,0.0009528745047560072
2024-11-12 05:00:00+00:00,0.0,-0.0031064199345314236
2024-11-13 05:00:00+00:00,0.0039691388306650754,0.0004858435248786819
2024-11-14 05:00:00+00:00,0.01377043354655294,-0.006430114368961348
2024-11-15 05:00:00+00:00,-0.014109192884059207,-0.012808628971096359
2024-11-18 05:00:00+00:00,0.013422222222222224,0.0040973111395645745
2024-11-19 05:00:00+00:00,0.0011402508551880963,0.0036555300518574807
2024-11-20 05:00:00+00:00,0.0031540213772560666,0.0003388107741826296
2024-11-21 05:00:00+00:00,-0.002096069868995576,0.005368331922099845
2024-11-22 05:00:00+00:00,0.005907579205321145,0.003099364967069196
2024-11-25 05:00:00+00:00,0.013050854830991332,0.0033920505113262944
2024-11-26 05:00:00+00:00,0.00940438871473348,0.005221495155054878
2024-11-27 05:00:00+00:00,-0.0005530502850336072,-0.003030050778323412
2024-11-29 05:00:00+00:00,0.010215808964372464,0.006212113621561821
2024-12-02 05:00:00+00:00,0.009522605654573857,0.0017923823749066425
2024-12-03 05:00:00+00:00,0.012771818523310774,0.0004638603117803619
2024-12-04 05:00:00+00:00,0.0014836183803832448,0.0062095345332913165
2024-12-05 05:00:00+00:00,0.00012345170980609943,-0.0016456571108843798
2024-12-06 05:00:00+00:00,-0.0008229098090848375,0.0018956252266508766
2024-12-09 05:00:00+00:00,0.016101136550815243,-0.0051496355769072855
2024-12-10 05:00:00+00:00,0.004133738601823644,-0.0031090824899120406
2024-12-11 05:00:00+00:00,-0.005166081446502768,0.0077305905773059624
2024-12-12 05:00:00+00:00,0.005963730780153442,-0.005152602640503101
2024-12-13 05:00:00+00:00,0.000685594450717808,-0.0001985670080916213
2024-12-16 05:00:00+00:00,0.011727723370813736,0.0042700385627512105
2024-12-17 05:00:00+00:00,0.009719566602931717,-0.004120041530018659
2024-12-18 05:00:00+00:00,-0.021421808426700273,-0.0298035711330652
2024-12-19 05:00:00+00:00,0.007014714775246844,-0.00030702053626241455
2024-12-20 05:00:00+00:00,0.01881580527643223,0.008616277085821356
2024-12-23 05:00:00+00:00,0.0030649534362843234,0.0059883278355747915
2024-12-24 05:00:00+00:00,0.011478042856583048,0.011115034723973682
2024-12-26 05:00:00+00:00,0.003175832687838831,6.652253450867285e-05
2024-12-27 05:00:00+00:00,-0.013242220677939898,-0.010526490837130531
2024-12-30 05:00:00+00:00,-0.013263429711647623,-0.01141157291474082
2024-12-31 05:00:00+00:00,-0.007057890563045177,-0.003638094590459273
2025-01-02 05:00:00+00:00,-0.026235923648270876,-0.002457002457002533
2025-01-03 05:00:00+00:00,-0.002009432027885949,0.012503420908593466
2025-01-06 05:00:00+00:00,0.006738987508218219,0.005760621674127719
2025-01-07 05:00:00+00:00,-0.01138775510204082,-0.011304084923407731
2025-01-08 05:00:00+00:00,0.0020230378597083654,0.0014610196558109134
2025-01-10 05:00:00+00:00,-0.02410383189122367,-0.01526743456207913
2025-01-13 05:00:00+00:00,-0.010344099641123039,0.0015504143051559005
2025-01-14 05:00:00+00:00,-0.004778156996587013,0.0013760126593165278
2025-01-15 05:00:00+00:00,0.01967592592592604,0.01818993799275126
2025-01-16 05:00:00+00:00,-0.040400218606802096,-0.0019231418064037387
2025-01-17 05:00:00+00:00,0.00753526680101646,0.010039889121763235
2025-01-21 05:00:00+00:00,-0.031915818766849346,0.009153586130727032
2025-01-22 05:00:00+00:00,0.005344951491196737,0.005621424425835464
2025-01-23 05:00:00+00:00,-0.0007595049814592691,0.005458083239891831
2025-01-24 05:00:00+00:00,-0.003934543503532173,-0.002919229192291928
2025-01-27 05:00:00+00:00,0.0317802316186373,-0.014145434807638524
2025-01-28 05:00:00+00:00,0.03654398329417896,0.00859235530640512
2025-01-29 05:00:00+00:00,0.004616805170821969,-0.004482895520412922
2025-01-30 05:00:00+00:00,-0.007394719251336945,0.0053671424535983725
2025-01-31 05:00:00+00:00,-0.006692200850204166,-0.005321962184318241
2025-02-03 05:00:00+00:00,-0.033855932203389894,-0.006729586919677066
2025-02-04 05:00:00+00:00,0.021007850532871464,0.006708265720929418
2025-02-05 05:00:00+00:00,-0.0014175257731959823,0.004054637907541014
2025-02-06 05:00:00+00:00,0.003226222738417883,0.003475555261328589
2025-02-07 05:00:00+00:00,-0.023968784838350077,-0.009153582266789972
2025-02-10 05:00:00+00:00,8.786188112286375e-05,0.006791284518201657
2025-02-11 05:00:00+00:00,0.021831759279595797,0.0007605191369759456
2025-02-12 05:00:00+00:00,0.018270140142722102,-0.003221489815135925
2025-02-13 05:00:00+00:00,0.01967323848524516,0.010557544417926223
2025-02-14 05:00:00+00:00,0.012710636359872352,-4.9202105850132405e-05
2025-02-18 05:00:00+00:00,-0.0005314799672935244,0.0029358701000492538
2025-02-19 05:00:00+00:00,0.001636192579866691,0.0023549035961338838
2025-02-20 05:00:00+00:00,0.0039204475844325515,-0.00416034457442116
2025-02-21 05:00:00+00:00,-0.0011389984948948495,-0.01710409908581534
2025-02-24 05:00:00+00:00,0.006312360008144946,-0.004550455045504553
2025-02-25 05:00:00+00:00,-0.00024281667341163882,-0.00497312503139602
2025-02-26 05:00:00+00:00,-0.027040155440414382,0.0005048465266557223
2025-02-27 05:00:00+00:00,-0.01273090364453322,-0.015961920139940133
2025-02-28 05:00:00+00:00,0.01913190054782965,0.015605503803093779
2025-03-03 05:00:00+00:00,-0.015754217664571635,-0.017519943451479336
2025-03-04 05:00:00+00:00,-0.008822417342351785,-0.011836853555338478
2025-03-05 05:00:00+00:00,-0.0008053236129360597,0.010747841764032762
2025-03-06 05:00:00+00:00,-0.0017392042080257575,-0.017751174836208805
2025-03-07 05:00:00+00:00,0.01589257638210162,0.005604930942361586
2025-03-10 04:00:00+00:00,-0.048479524825364995,-0.026635643839421963
2025-03-11 04:00:00+00:00,-0.029189379286091,-0.00831281886617441
2025-03-12 04:00:00+00:00,-0.017478717623618967,0.005306518923586134
2025-03-13 04:00:00+00:00,-0.03364365379297618,-0.013330470413513096
2025-03-14 04:00:00+00:00,0.018170545593285015,0.020655761488520552
2025-03-17 04:00:00+00:00,0.0023888706730994524,0.007711305769265042
2025-03-18 04:00:00+00:00,-0.006121495327102822,-0.010808428105439472
2025-03-19 04:00:00+00:00,0.011989280173021921,0.010890877330576476
2025-03-20 04:00:00+00:00,-0.005296413306076997,-0.002891753213548953
2025-03-21 04:00:00+00:00,0.019476879962634364,-0.002670250579143718
2025-03-24 04:00:00+00:00,0.011270444861868123,0.017908436469378453
2025-03-25 04:00:00+00:00,0.013681873782449117,0.0024038461538462563
2025-03-26 04:00:00+00:00,-0.009921787709497254,-0.011938275466583215
2025-03-27 04:00:00+00:00,0.01047262221820966,-0.0026556921507588926
2025-03-28 04:00:00+00:00,-0.026580299307571997,-0.020138252098469533
2025-03-31 04:00:00+00:00,0.01941257457549339,0.006712738005254959
2025-04-01 04:00:00+00:00,0.004771980371854223,0.0028245052646633795
2025-04-02 04:00:00+00:00,0.003136341233926254,0.006328324152806708
2025-04-03 04:00:00+00:00,-0.09245611684309252,-0.049280804931623234
2025-04-04 04:00:00+00:00,-0.07288744524828983,-0.05854294764300372
2025-04-07 04:00:00+00:00,-0.03673426053721196,-0.0017811906269790123
2025-04-08 04:00:00+00:00,-0.049818141739226385,-0.01566279392521508
2025-04-09 04:00:00+00:00,0.15328848161466202,0.10501933612632941
2025-04-10 04:00:00+00:00,-0.042393764143827006,-0.04381903685611166
2025-04-11 04:00:00+00:00,0.040594475370234306,0.017842845705135613
2025-04-14 04:00:00+00:00,0.022053999495331933,0.009701464584035646
2025-04-15 04:00:00+00:00,-0.001876357890578828,-0.002800860661819282
2025-04-16 04:00:00+00:00,-0.03893341248639548,-0.022228009151615602
2025-04-17 04:00:00+00:00,0.013949657692901463,0.0014267777650953661
2025-04-21 04:00:00+00:00,-0.019392831759569518,-0.02380273930966348
2025-04-22 04:00:00+00:00,0.03406502381445442,0.026017747334007968
2025-04-23 04:00:00+00:00,0.024331631120456443,0.015495495495495337
2025-04-24 04:00:00+00:00,0.01842619745845564,0.021048896193642586
2025-04-25 04:00:00+00:00,0.004367231367279345,0.007225301359088165
2025-04-28 04:00:00+00:00,0.004109327217125314,0.0003813744006975206
2025-04-29 04:00:00+00:00,0.005091843532882834,0.006299355541435903
2025-04-30 04:00:00+00:00,0.006107665356754,0.0003968826670512904
2025-05-01 04:00:00+00:00,0.0038588235294116924,0.007086954953655411
2025-05-02 04:00:00+00:00,-0.03736171010688172,0.014844127706054033
2025-05-05 04:00:00+00:00,-0.0314584855125396,-0.005734349636530411
2025-05-06 04:00:00+00:00,-0.0019106038513750923,-0.008358325495554708
2025-05-07 04:00:00+00:00,-0.011384816885799176,0.004205440229062329
2025-05-08 04:00:00+00:00,0.006318471337579679,0.006967833912500998
2025-05-09 04:00:00+00:00,0.005266089422249154,-0.0012742009698083478
2025-05-12 04:00:00+00:00,0.06175389109958185,0.033047453662685466
2025-05-13 04:00:00+00:00,0.010152284263959421,0.006603886859122943
2025-05-14 04:00:00+00:00,-0.002817827455032118,0.0012780314906959411
2025-05-15 04:00:00+00:00,-0.004144492064239724,0.004884358140880618
2025-05-16 04:00:00+00:00,-0.000898557578623782,0.006334044643159675
2025-05-19 04:00:00+00:00,-0.011739089273880454,0.0010939077751599413
2025-05-20 04:00:00+00:00,-0.009196283168885877,-0.003362192149281351
2025-05-21 04:00:00+00:00,-0.0230590737696994,-0.016850805431390725
2025-05-22 04:00:00+00:00,-0.003612251966945368,0.0003946059087946985
2025-05-23 04:00:00+00:00,-0.030244338498212175,-0.006825704436707936
2025-05-27 04:00:00+00:00,0.025298304911148595,0.020790523389338844
2025-05-28 04:00:00+00:00,0.0010488986564105574,-0.0057853336716569
2025-05-29 04:00:00+00:00,-0.002345075341782299,0.003947390808704654
2025-05-30 04:00:00+00:00,0.004501125281320295,-0.001118549275485048
2025-06-02 04:00:00+00:00,0.004232013940751678,0.005632942533806196
2025-06-03 04:00:00+00:00,0.007783837382250969,0.005702620168379191
2025-06-04 04:00:00+00:00,-0.002213804299699973,-0.00026841584324532874
2025-06-05 04:00:00+00:00,-0.010797751701015712,-0.004832782373768718
2025-06-06 04:00:00+00:00,0.016398345212580434,0.010268948655256738
2025-06-09 04:00:00+00:00,-0.012112593173793651,0.0009012918516539958
2025-06-10 04:00:00+00:00,0.006056093323405287,0.0056696905016009325
2025-06-11 04:00:00+00:00,-0.01919376326047262,-0.002852026265172114
2025-06-12 04:00:00+00:00,0.0021128886205854513,0.003974324863642353
2025-06-13 04:00:00+00:00,-0.013805220883534086,-0.011180124223602483
2025-06-16 04:00:00+00:00,0.01002799694578771,0.009514237855946295
2025-06-17 04:00:00+00:00,-0.014010684406813856,-0.008545164929979365
2025-06-18 04:00:00+00:00,0.004804743406256584,-0.0001506200525495105
2025-06-20 04:00:00+00:00,0.02248448468816755,-0.005289234065345649
2025-06-23 04:00:00+00:00,0.0024875621890547706,0.00987749882210398
2025-06-24 04:00:00+00:00,-0.005955334987593042,0.01104723819045228
2025-06-25 04:00:00+00:00,0.006290564153769385,0.0005603348824945176
2025-06-26 04:00:00+00:00,-0.0027783290335383626,0.00782382395572534
2025-06-27 04:00:00+00:00,0.0003980099502487455,0.004968375635347355
2025-06-30 04:00:00+00:00,0.02034016311915643,0.004781187490852323
2025-07-01 04:00:00+00:00,0.012916118340888127,-0.00032370316419849665
2025-07-02 04:00:00+00:00,0.022230776633625382,0.004533311746134583
2025-07-03 04:00:00+00:00,0.005225004707211545,0.007881376420340036
2025-07-07 04:00:00+00:00,-0.016857878716928232,-0.007451946141299293
2025-07-08 04:00:00+00:00,0.0002857823291260164,-0.0005477862988978455
2025-07-09 04:00:00+00:00,0.005380696157325726,0.0059967114808006095
2025-07-10 04:00:00+00:00,0.006014966373022679,0.0028202416434319755
2025-07-11 04:00:00+00:00,-0.005884845346264322,-0.0035153878111917614
2025-07-14 04:00:00+00:00,-0.012028793332070409,0.0019082133350436514
2025-07-15 04:00:00+00:00,0.0023487680951010947,-0.004273299082921178
2025-07-16 04:00:00+00:00,0.005021280665678196,0.003343298935930994
2025-07-17 04:00:00+00:00,-0.0006661591168632963,0.006119637307359538
2025-07-18 04:00:00+00:00,0.00552328349680975,-0.0007324374243677934
2025-07-21 04:00:00+00:00,0.006155885974050479,0.0018961725995090273
2025-07-22 04:00:00+00:00,0.009036144578313365,0.00014313660002862605
2025-07-23 04:00:00+00:00,-0.0011660447761193682,0.008507457939764151
2025-07-24 04:00:00+00:00,-0.0018211533971516092,0.0003311206067388994
2025-07-25 04:00:00+00:00,0.0005613772455090871,0.004224330884902816
2025-07-28 04:00:00+00:00,0.000794838227043293,-0.000251137968921622
2025-07-29 04:00:00+00:00,-0.012987619715019827,-0.002637611077966673
2025-07-30 04:00:00+00:00,-0.010507880910682998,-0.001259326889777368
2025-07-31 04:00:00+00:00,-0.0070796460176991705,-0.0037512215112063263
2025-08-01 04:00:00+00:00,-0.02500361323890732,-0.016390330337931913
2025-08-04 04:00:00+00:00,0.004792963731593991,0.01519976838448156
2025-08-05 04:00:00+00:00,-0.002114580772067942,-0.005069949458941236
2025-08-06 04:00:00+00:00,0.050906761285235635,0.00765960157332346
2025-08-07 04:00:00+00:00,0.03179366940211015,-0.000837573880337561
2025-08-08 04:00:00+00:00,0.04235786029177846,0.007797548438117863
2025-08-11 04:00:00+00:00,-0.009461521691737418,-0.0019774631972127032
2025-08-12 04:00:00+00:00,0.01087243595386922,0.010645993206692905
2025-08-13 04:00:00+00:00,0.016024384933594593,0.0034231122314023477
2025-08-14 04:00:00+00:00,-0.0023571765310933523,9.303912295122174e-05
2025-08-15 04:00:00+00:00,-0.005112123034624938,-0.0023412667648654573
2025-08-18 04:00:00+00:00,-0.0030225830130835574,-0.00021758050478692947
2025-08-19 04:00:00+00:00,-0.0014292520247736196,-0.005425151562257091
2025-08-20 04:00:00+00:00,-0.019734559333795976,-0.0026570388083961838
2025-08-21 04:00:00+00:00,-0.0049112871111897105,-0.004011847487110476
2025-08-22 04:00:00+00:00,0.012716763005780285,0.015356777594209836
2025-08-25 04:00:00+00:00,-0.0026343519494204104,-0.004400985572825311
2025-08-26 04:00:00+00:00,0.009464694488466208,0.004186965928370201
2025-08-27 04:00:00+00:00,0.005145872399808127,0.0022785045570090645
2025-08-28 04:00:00+00:00,0.008980866848887104,0.0035414379165827903
2025-08-29 04:00:00+00:00,-0.001805985552115641,-0.005963755162423756
2025-09-02 04:00:00+00:00,-0.010424743689153027,-0.007410278273002002
2025-09-03 04:00:00+00:00,0.038089848511231095,0.005419588611054849
2025-09-04 04:00:00+00:00,0.005493353461651473,0.008357411377264201
2025-09-05 04:00:00+00:00,-0.00037534406539330156,-0.002896228740448592
2025-09-08 04:00:00+00:00,-0.007551420584922197,0.0024565848835054194
2025-09-09 04:00:00+00:00,-0.014839414831007258,0.0023118536442519044
2025-09-10 04:00:00+00:00,-0.03225944100704081,0.002890840035059128
2025-09-11 04:00:00+00:00,0.014286344195070466,0.008310206835221656
2025-09-12 04:00:00+00:00,0.017562926574794524,-0.0003345346167298313
2025-09-15 04:00:00+00:00,0.011235955056179803,0.005323922666220504
2025-09-16 04:00:00+00:00,0.006125897760878907,-0.0013768894403171084
2025-09-17 04:00:00+00:00,0.0035271887465881946,-0.001242424242424267
2025-09-18 04:00:00+00:00,-0.004644545796895327,0.004672471858976346
2025-09-19 04:00:00+00:00,0.03203295779384563,0.0021743726029053168
2025-09-22 04:00:00+00:00,0.04309572301425657,0.004731053186680656
2025-09-23 04:00:00+00:00,-0.006443298969072031,-0.005443584667986334
2025-09-24 04:00:00+00:00,-0.008332350744802097,-0.003181496057055866
2025-09-25 04:00:00+00:00,0.01807300542982837,-0.004613522916351642
2025-09-26 04:00:00+00:00,-0.00548915793981386,0.005729047944685206
2025-09-29 04:00:00+00:00,-0.0040319423784546116,0.0028104318394728267
2025-09-30 04:00:00+00:00,0.0007860708249813886,0.0037668756027000594
2025-10-01 04:00:00+00:00,0.0032203589522050713,0.0034074874658502896
2025-10-02 04:00:00+00:00,0.0065766294773927925,0.0011519186176975893
2025-10-03 04:00:00+00:00,0.0034612841753198786,-1.4942769194004057e-05
2025-10-06 04:00:00+00:00,-0.005154639175257714,0.0035863181960820167
2025-10-07 04:00:00+00:00,-0.000818107444777616,-0.00370750882208426
2025-10-08 04:00:00+00:00,0.006160324391765393,0.005963055954088858
2025-10-09 04:00:00+00:00,-0.01557777261102078,-0.0028970004902616475
2025-10-10 04:00:00+00:00,-0.03452212250039355,-0.027027832409559527
2025-10-13 04:00:00+00:00,0.009744363354670327,0.01534409359590816
2025-10-14 04:00:00+00:00,0.0004441573124445153,-0.0012216457528956282
2025-10-15 04:00:00+00:00,0.006336521774226167,0.0044395451731271685
2025-10-16 04:00:00+00:00,-0.007580011229646355,-0.006810289099027256
2025-10-17 04:00:00+00:00,0.0195595069711052,0.005676313877452266
2025-10-20 04:00:00+00:00,0.03943874113123802,0.010400517768178297
2025-10-21 04:00:00+00:00,0.0020210494203782847,-1.4896469536673784e-05
2025-10-22 04:00:00+00:00,-0.016440232903299434,-0.005198945314245695
2025-10-23 04:00:00+00:00,0.0043722189978718795,0.005929919137466433
2025-10-24 04:00:00+00:00,0.012481701209646312,0.008172561629153252
2025-10-27 04:00:00+00:00,0.02279126398295417,0.011797711332595107
2025-10-28 04:00:00+00:00,0.0007068189427477112,0.002656003735917345
2025-10-29 04:00:00+00:00,0.0026022304832713505,0.0004803073967338811
2025-10-30 04:00:00+00:00,0.006303299962921782,-0.010998123336097287
2025-10-31 04:00:00+00:00,-0.0037951363301399477,0.0032802318226614613
2025-11-03 05:00:00+00:00,-0.004882198468765031,0.0018766677418409206
2025-11-04 05:00:00+00:00,0.0036796134547483206,-0.01185354289226448
2025-11-05 05:00:00+00:00,0.00037031550881327924,0.0034654345121734043
2025-11-06 05:00:00+00:00,-0.0013696601762049898,-0.010729360370731245
2025-11-07 05:00:00+00:00,-0.004818919820587686,0.000984619056854319
2025-11-10 05:00:00+00:00,0.003575818527209673,0.015604274408691943
2025-11-11 05:00:00+00:00,0.021601158000222664,0.002289269781638792
2025-11-12 05:00:00+00:00,-0.006466848319709229,0.0005563689604686228
2025-11-13 05:00:00+00:00,-0.0019014882802502742,-0.016593988703210605
2025-11-14 05:00:00+00:00,-0.0019783843194722817,-0.0001636807332896506
2025-11-17 05:00:00+00:00,-0.01817113909181034,-0.009316446653669264
2025-11-18 05:00:00+00:00,-7.477753682783028e-05,-0.008397554343743785
2025-11-19 05:00:00+00:00,0.004187855219862424,0.0038631681008360896
2025-11-20 05:00:00+00:00,-0.008601429848078657,-0.015242292078535558
2025-11-21 05:00:00+00:00,0.019680751173708932,0.00996122783626796
2025-11-24 05:00:00+00:00,0.01631735975542381,0.014718601581111601
2025-11-25 05:00:00+00:00,0.003805450855320469,0.009405888774243643
2025-11-26 05:00:00+00:00,0.002094089612593386,0.006903499155580528
2025-11-28 05:00:00+00:00,0.004683840749414525,0.005458451035781575
2025-12-01 05:00:00+00:00,0.01524116908732287,-0.0045654750581659576
2025-12-02 05:00:00+00:00,0.010914871070293097,0.0018522057418377535
2025-12-03 05:00:00+00:00,-0.007128131660784853,0.0034627969421743288
2025-12-04 05:00:00+00:00,-0.012141474573288735,0.0007311117284942714
2025-12-05 05:00:00+00:00,-0.006840042750267283,0.0018995017460805563
2025-12-08 05:00:00+00:00,-0.003192481526651747,-0.003004273068004548
2025-12-09 05:00:00+00:00,-0.0025549677930115644,-0.0008630399485102247
2025-12-10 05:00:00+00:00,0.005772422252687592,0.006632115249473047
2025-12-11 05:00:00+00:00,-0.0026902934213358654,0.002327035792719201
2025-12-12 05:00:00+00:00,0.0008991835413445504,-0.010752064077078183
2025-12-15 05:00:00+00:00,-0.014984907287623805,-0.0015107955878901347
2025-12-16 05:00:00+00:00,0.001824085221261429,-0.0027323608479132844
2025-12-17 05:00:00+00:00,-0.010087032518845018,-0.011003579477661396
2025-12-18 05:00:00+00:00,0.0012875220718069347,0.007551385165326163
2025-12-19 05:00:00+00:00,0.0054373783019214805,0.006090440078643455
2025-12-22 05:00:00+00:00,-0.00986589688310735,0.006229888772976366
2025-12-23 05:00:00+00:00,0.005129719157102253,0.004570477344742585
2025-12-24 05:00:00+00:00,0.005323836099280221,0.0035176463747892406
2025-12-26 05:00:00+00:00,-0.0014973887001936692,-0.00010139343549930846
2025-12-29 05:00:00+00:00,0.0013167520117045584,-0.003563616346279108
2025-12-30 05:00:00+00:00,-0.002483927527761609,-0.001221196481791087
2025-12-31 05:00:00+00:00,-0.004467555295151526,-0.007408916900772944
2026-01-02 05:00:00+00:00,-0.003126609284190507,0.0018330595964335394
2026-01-05 05:00:00+00:00,-0.01383712778126267,0.006660128518523933
2026-01-06 05:00:00+00:00,-0.018334206390780428,0.005947187808991838
2026-01-07 05:00:00+00:00,-0.007737459978655381,-0.003223428397970407
2026-01-08 05:00:00+00:00,-0.004955249106902593,-0.00010151106470612792
2026-01-09 05:00:00+00:00,0.0012739345274861424,0.006613392119041217
2026-01-12 05:00:00+00:00,0.0033928364884141526,0.0015704467849062542
2026-01-13 05:00:00+00:00,0.00307396733909715,-0.0019995396743195393
2026-01-14 05:00:00+00:00,-0.0041754453169892125,-0.0049151736166164195
2026-01-15 05:00:00+00:00,-0.006731804893060467,0.0027232168723565486
2026-01-16 05:00:00+00:00,-0.010379148754889322,-0.0008378597018375844
2026-01-20 05:00:00+00:00,-0.03455562947599111,-0.02035682271636341
2026-01-21 05:00:00+00:00,0.0038508309687881326,0.011541072640868899
2026-01-22 05:00:00+00:00,0.0028265697557035008,0.0052232273125183415
2026-01-23 05:00:00+00:00,-0.0012482383732635993,0.000362855235275239
2026-01-26 05:00:00+00:00,0.029712949524270282,0.005078130667556469
2026-01-27 05:00:00+00:00,0.011197682158098576,0.003984236282534415
2026-01-28 05:00:00+00:00,-0.0070856080845626,-0.00010064846367319191
2026-01-29 05:00:00+00:00,0.007175167680548933,-0.0019844122976042655
2026-01-30 05:00:00+00:00,0.004646120489391503,-0.002982537029565968
2026-02-02 05:00:00+00:00,0.040581162324649256,0.004971313785279596
2026-02-03 05:00:00+00:00,-0.0019628902633235246,-0.008455443551286246
2026-02-04 05:00:00+00:00,0.026013062193854797,-0.004843879164068143
2026-02-05 05:00:00+00:00,-0.0020977250533472658,-0.012489252247919747
2026-02-06 05:00:00+00:00,0.00800985828712264,0.01918479383725402
2026-02-09 05:00:00+00:00,-0.01258449590104993,0.004821754365642583
2026-02-10 05:00:00+00:00,-0.0034229116597480624,-0.0026370775992506923
2026-02-11 05:00:00+00:00,0.006650102309266215,-0.00023117378489279083
2026-02-12 05:00:00+00:00,-0.04998185117967324,-0.015448869876871552
2026-02-13 05:00:00+00:00,-0.022733351163412796,0.0007045664714431243
2026-02-17 05:00:00+00:00,0.03166783954961283,0.0016134946828016972
2026-02-18 05:00:00+00:00,0.0017811126269517974,0.005037709599472695
2026-02-19 05:00:00+00:00,-0.01426139587667874,-0.002637369042241544
2026-02-20 05:00:00+00:00,0.015350372246526911,0.007231767180925663
2026-02-23 05:00:00+00:00,0.0060473202812005855,-0.010211334000551076
2026-02-24 05:00:00+00:00,0.022390863325569166,0.007268570758657056
2026-02-25 05:00:00+00:00,0.007679870654810239,0.008438204699207086
2026-02-26 05:00:00+00:00,-0.00466761477591815,-0.005554353314578431
2026-02-27 05:00:00+00:00,-0.03213042681809852,-0.004801973016103189
2026-03-02 05:00:00+00:00,0.002044060867590458,0.0005685214070176858
2026-03-03 05:00:00+00:00,-0.0036642490178302456,-0.0088143593927561
2026-03-04 05:00:00+00:00,-0.004663507109004761,0.00705539958549517
2026-03-05 05:00:00+00:00,-0.00849459088831317,-0.005575584195700145
2026-03-06 05:00:00+00:00,-0.010872488378347422,-0.013107102493725264
2026-03-09 04:00:00+00:00,0.009399518371785875,0.008759927421993385
2026-03-10 04:00:00+00:00,0.003655533323072113,-0.0016070296489598679
2026-03-11 04:00:00+00:00,-7.66782962081658e-05,-0.0012552054106735877
2026-03-12 04:00:00+00:00,-0.01936275449560987,-0.015184894947732785
2026-03-13 04:00:00+00:00,-0.02205192367844855,-0.005660150737170744
2026-03-16 04:00:00+00:00,0.010794818487126046,0.010176810762656752
2026-03-17 04:00:00+00:00,0.005577090420061603,0.002630674259749277
2026-03-18 04:00:00+00:00,-0.016874483735200396,-0.013953696387841275
2026-03-19 04:00:00+00:00,-0.00392094102584617,-0.0024643575283854746
2026-03-20 04:00:00+00:00,-0.003896208226221054,-0.01702030918460129
2026-03-23 04:00:00+00:00,0.014113472317432096,0.01050002312780407
2026-03-24 04:00:00+00:00,0.0005964451866873333,-0.0033568311513931803
2026-03-25 04:00:00+00:00,0.003894452392306569,0.005572736458556715
2026-03-26 04:00:00+00:00,0.0010687989866200454,-0.017858774093358898
2026-03-27 04:00:00+00:00,-0.016173039661512845,-0.017051884233207804
2026-03-30 04:00:00+00:00,-0.008721864951768521,-0.003343373968994978
2026-03-31 04:00:00+00:00,0.02903134249685757,0.029067835498520544
2026-04-01 04:00:00+00:00,0.0072500886559754285,0.0075345204047112535
2026-04-02 04:00:00+00:00,0.0011344521378555683,0.0009004334289726135
2026-04-06 04:00:00+00:00,0.01148796498905913,0.004726834698016047
2026-04-07 04:00:00+00:00,-0.020706173221046176,0.0004401074469215782
2026-04-08 04:00:00+00:00,0.02130177514792897,0.025469494250781155
2026-04-09 04:00:00+00:00,0.006141367323291069,0.005769145426842703
2026-04-10 04:00:00+00:00,-3.838918960419324e-05,-0.0006618523039813029
2026-04-13 04:00:00+00:00,-0.004914004914005066,0.009772466370352895
2026-04-14 04:00:00+00:00,-0.001427469135802495,0.012184812709517656
2026-04-15 04:00:00+00:00,0.029362902291079074,0.007891023241079376
2026-04-16 04:00:00+00:00,-0.011372593176444235,0.0024573534874416936
2026-04-17 04:00:00+00:00,0.025930144267274358,0.012085625516631948
2026-04-20 04:00:00+00:00,0.010435554897679777,-0.001999605711549779
2026-04-21 04:00:00+00:00,-0.025196850393700787,-0.006547014335703816
2026-04-22 04:00:00+00:00,0.026298981853702497,0.010126690148846818
2026-04-23 04:00:00+00:00,0.0009517882637184449,-0.003880710338718507
2026-04-24 04:00:00+00:00,-0.008667666313133204,0.007749311878043619
2026-04-27 04:00:00+00:00,-0.01272780934110529,0.0017228338515840047
2026-04-28 04:00:00+00:00,0.011584021523859178,-0.004865975921808707
2026-04-29 04:00:00+00:00,-0.001994754534372478,-0.00015456167713467917
2026-04-30 04:00:00+00:00,0.004367620387163651,0.009949689423536245
2026-05-01 04:00:00+00:00,0.032393587617468134,0.0027690423844377587
2026-05-04 04:00:00+00:00,-0.011815520811023106,-0.0036633594671476866
2026-05-05 04:00:00+00:00,0.02655059061517906,0.00802217239314218
2026-05-06 04:00:00+00:00,0.011717925258638795,0.013899443193279737
2026-05-07 04:00:00+00:00,-0.0002434697923550111,-0.0030661052287314083
2026-05-08 04:00:00+00:00,0.020456443083773923,0.008256103228628353
2026-05-11 04:00:00+00:00,-0.002181917359879937,0.002277595509883046
2026-05-12 04:00:00+00:00,0.007243405767391131,-0.0015149465710807553
2026-05-13 04:00:00+00:00,0.013805970149253666,0.005594841366604264
2026-05-14 04:00:00+00:00,-0.0022083179977917533,0.007894275976344067
2026-05-15 04:00:00+00:00,0.006773750041916937,-0.012029351617947825
2026-05-18 04:00:00+00:00,-0.0079605635679314,-0.0007034917542648733
2026-05-19 04:00:00+00:00,0.0037939833467635076,-0.006660800108305609
2026-05-20 04:00:00+00:00,0.010971000434826239,0.010249001676365888
2026-05-21 04:00:00+00:00,0.009065343258891634,0.001983136593591839
2026-05-22 04:00:00+00:00,0.012557788779959944,0.003931495045239153
2026-05-26 04:00:00+00:00,-0.0015866848002072942,0.0066385923501959265
2026-05-27 04:00:00+00:00,0.008173061330392972,-0.00017319708495977526
2026-05-28 04:00:00+00:00,0.005340196236126582,0.005516616475228497
2026-05-29 04:00:00+00:00,-0.0014399539214744461,0.002491386164855447
2026-06-01 04:00:00+00:00,-0.018425943728770156,0.002723138747884768
2026-06-02 04:00:00+00:00,0.02902288531226538,0.0013578717008992935
2026-06-03 04:00:00+00:00,-0.015672588832487344,-0.007017128111958093
2026-06-04 04:00:00+00:00,0.0031264101076518003,0.0037786380992788082
2026-06-05 04:00:00+00:00,-0.012498795103299987,-0.025809348954549782
2026-06-08 04:00:00+00:00,-0.01887160799114973,0.002264253270964689
2026-06-09 04:00:00+00:00,-0.0364462426212111,-0.002935526636184238
2026-06-10 04:00:00+00:00,0.0035450008604369643,-0.015765551862153226
2026-06-11 04:00:00+00:00,0.013889841552918725,0.016996815681733723
2026-06-12 04:00:00+00:00,-0.015221729865034006,0.0054082628497071905
2026-06-15 04:00:00+00:00,0.018170576718304687,0.017633973710819095
2026-06-16 04:00:00+00:00,0.009513528102017332,-0.005961607249314382
2026-06-17 04:00:00+00:00,-0.010994519449271545,-0.012487838684312247
2026-06-18 04:00:00+00:00,0.006960635242439617,0.00780069099546532
2026-06-22 04:00:00+00:00,-0.0033555920942249795,-0.0031470123470016542
2026-06-23 04:00:00+00:00,-0.009124271910036619,-0.01452195757600172
2026-06-24 04:00:00+00:00,-0.0041454298335033,-0.00046348046566158096
2026-06-25 04:00:00+00:00,-0.061177835403302905,0.001445638535813476
2026-06-26 04:00:00+00:00,0.03136471015809561,-0.007231376821462576
2026-06-29 04:00:00+00:00,-0.0071886672774683635,0.016474848763357475
2026-06-30 04:00:00+00:00,0.027046212820330817,0.007786774628879778
2026-07-01 04:00:00+00:00,0.017348631462537956,-0.00135249139628002
2026-07-02 04:00:00+00:00,0.048406821115564824,-0.0013140956876207532
2026-07-06 04:00:00+00:00,0.013057706639017619,0.008727409436343647
2026-07-07 04:00:00+00:00,-0.006396724876863047,-0.004751890107549728
2026-07-08 04:00:00+00:00,0.008787742226227913,-0.003089433068970693
2026-07-09 04:00:00+00:00,0.009030281757554715,0.008465253555138164
2026-07-10 04:00:00+00:00,-0.0028461197900196966,0.0043101728060024325
2026-07-13 04:00:00+00:00,0.006311049092984966,-0.0076561361679582385
2026-07-14 04:00:00+00:00,-0.007721155967350457,0.003550595992898975
2026-07-15 04:00:00+00:00,0.040144826271993894,0.003963661998057866
2026-07-16 04:00:00+00:00,0.017587786259541938,-0.005418582159748664
2026-07-17 04:00:00+00:00,0.0014403168697114666,-0.009897165387894424
2026-07-20 04:00:00+00:00,-0.0214238628872776,-0.0016144438913477943
2026-07-21 04:00:00+00:00,0.003521234575461607,0.008341306310555296
2026-07-22 04:00:00+00:00,-0.005644718374321123,-0.0011626663815683669
2026-07-23 04:00:00+00:00,-0.012979839823253125,-0.012349312960757808
2026-07-24 04:00:00+00:00,0.03531679413044819,0.0010160123547102717
2026-07-27 04:00:00+00:00,0.011680980121314244,0.00021652930588844654
2026-07-28 04:00:00+00:00,0.009409040990175255,0.002394836894018315
2026-07-29 04:00:00+00:00,-0.005557515878616748,-0.015387522608859894
2026-07-30 04:00:00+00:00,-0.014074928294745548,0.016765826775971382
2026-07-31 04:00:00+00:00,-0.07353867378460244,0.00719977349027201
2026-08-03 04:00:00+00:00,-0.01777216665048076,0.01424306922078089
2026-08-04 04:00:00+00:00,0.019642739437083945,0.018028957197724793
2026-08-05 04:00:00+00:00,0.005236279009632083,-0.0019965514111989213
2026-08-06 04:00:00+00:00,0.00453376205787781,-0.0015978383715039568
2026-08-07 04:00:00+00:00,0.0029448481162572815,0.006115332570001186
2026-08-10 04:00:00+00:00,-0.016181023202374467,-0.0002974419988102106
2026-08-11 04:00:00+00:00,-0.010867449555569841,-0.0031952188142763127
2026-08-12 04:00:00+00:00,-0.00872388573677485,0.0025046719269103956
2026-08-13 04:00:00+00:00,0.009958643507030684,0.006977436601121045
2026-08-14 04:00:00+00:00,0.0021948502915547508,-0.001979739805625491
2026-08-17 04:00:00+00:00,-0.0011113653450136596,-0.004727310199139634
2026-08-18 04:00:00+00:00,0.014529271245786735,-0.00675579484126454
2026-08-19 04:00:00+00:00,0.02193336128761736,0.002097856537885079
2026-08-20 04:00:00+00:00,-0.017454155225199552,-0.008399864769978782
2026-08-21 04:00:00+00:00,-0.006264053967234173,0.004091266719118858
2026-08-24 04:00:00+00:00,0.003200258606755879,-0.002938410907381339
2026-08-25 04:00:00+00:00,-0.001417799832441835,0.003195934352364871
2026-08-26 04:00:00+00:00,0.011455308163923927,0.0002219581935214432
2026-08-27 04:00:00+00:00,0.003605040676343929,0.0065528404344192825
2026-08-28 04:00:00+00:00,0.016275669146163185,-0.0022694851510828284
2026-08-31 04:00:00+00:00,-0.008914607444479139,-0.002989536621823663
2026-09-01 04:00:00+00:00,0.026132239229919474,-0.006870477804575947
2026-09-02 04:00:00+00:00,-0.0005228677759665512,0.004436976554910821
